"Profile","Id","Path","Slice Name","Alias(s)","Label","Min","Max","Must Support?","Is Modifier?","Is Summary?","Type(s)","Short","Definition","Comments","Requirements","Default Value","Meaning When Missing","Fixed Value","Pattern","Example","Minimum Value","Maximum Value","Maximum Length","Binding Strength","Binding Description","Binding Value Set","Code","Slicing Discriminator","Slicing Description","Slicing Ordered","Slicing Rules","Base Path","Base Min","Base Max","Condition(s)","Constraint(s)"
"ee-spd-practitioner","Practitioner","Practitioner","","","",0,*,"","","","null {[]} {[]}
","A person with a  formal responsibility in the provisioning of healthcare or related services","A person who is directly or indirectly involved in the provisioning of healthcare or related services.","","","","","","","","","",,,,,"",,,,"Practitioner",0,*,"","dom-2:If the resource is contained in another resource, it SHALL NOT contain nested Resources {contained.contained.empty()}
dom-3:If the resource is contained in another resource, it SHALL be referred to from elsewhere in the resource or SHALL refer to the containing resource {contained.where((('#'+id in (%resource.descendants().reference | %resource.descendants().ofType(canonical) | %resource.descendants().ofType(uri) | %resource.descendants().ofType(url))) or descendants().where(reference = '#').exists() or descendants().where(ofType(canonical) = '#').exists() or descendants().where(ofType(canonical) = '#').exists()).not()).trace('unmatched', id).empty()}dom-4:If a resource is contained in another resource, it SHALL NOT have a meta.versionId or a meta.lastUpdated {contained.meta.versionId.empty() and contained.meta.lastUpdated.empty()}dom-5:If a resource is contained in another resource, it SHALL NOT have a security label {contained.meta.security.empty()}dom-6:A resource should have narrative for robust management {text.`div`.exists()}"
"ee-spd-practitioner","Practitioner.id","Practitioner.id","","","",0,1,"","","Y","id {[]} {[]}
","Logical id of this artifact","The logical id of the resource, as used in the URL for the resource. Once assigned, this value never changes.","Within the context of the FHIR RESTful interactions, the resource has an id except for cases like the create and conditional update. Otherwise, the use of the resouce id depends on the given use case.","","","","","","","","",,,,,"",,,,"Resource.id",0,1,"",""
"ee-spd-practitioner","Practitioner.meta","Practitioner.meta","","","",0,1,"","","Y","Meta {[]} {[]}
","Metadata about the resource","The metadata about the resource. This is content that is maintained by the infrastructure. Changes to the content might not always be associated with version changes to the resource.","","","","","","","","","",,,,,"",,,,"Resource.meta",0,1,"","ele-1:All FHIR elements must have a @value or children {hasValue() or (children().count() > id.count())}
"
"ee-spd-practitioner","Practitioner.implicitRules","Practitioner.implicitRules","","","",0,1,"","Y","Y","uri {[]} {[]}
","A set of rules under which this content was created","A reference to a set of rules that were followed when the resource was constructed, and which must be understood when processing the content. Often, this is a reference to an implementation guide that defines the special rules along with other profiles etc.","Asserting this rule set restricts the content to be only understood by a limited set of trading partners. This inherently limits the usefulness of the data in the long term. However, the existing health eco-system is highly fractured, and not yet ready to define, collect, and exchange data in a generally computable sense. Wherever possible, implementers and/or specification writers should avoid using this element. Often, when used, the URL is a reference to an implementation guide that defines these special rules as part of its narrative along with other profiles, value sets, etc.","","","","","","","","",,,,,"",,,,"Resource.implicitRules",0,1,"","ele-1:All FHIR elements must have a @value or children {hasValue() or (children().count() > id.count())}
"
"ee-spd-practitioner","Practitioner.language","Practitioner.language","","","",0,1,"","","","code {[]} {[]}
","Language of the resource content","The base language in which the resource is written.","Language is provided to support indexing and accessibility (typically, services such as text to speech use the language tag). The html language tag in the narrative applies  to the narrative. The language tag on the resource may be used to specify the language of other presentations generated from the data in the resource. Not all the content has to be in the base language. The Resource.language should not be assumed to apply to the narrative automatically. If a language is specified, it should it also be specified on the div element in the html (see rules in HTML5 for information about the relationship between xml:lang and the html lang attribute).","","","","","","","","",,"required","IETF language tag for a human language","http://hl7.org/fhir/ValueSet/all-languages|5.0.0","",,,,"Resource.language",0,1,"","ele-1:All FHIR elements must have a @value or children {hasValue() or (children().count() > id.count())}
"
"ee-spd-practitioner","Practitioner.text","Practitioner.text","","narrative
htmlxhtmldisplay","",0,1,"","","","Narrative {[]} {[]}
","Text summary of the resource, for human interpretation","A human-readable narrative that contains a summary of the resource and can be used to represent the content of the resource to a human. The narrative need not encode all the structured data, but is required to contain sufficient detail to make it ""clinically safe"" for a human to just read the narrative. Resource definitions may define what content should be represented in the narrative to ensure clinical safety.","Contained resources do not have a narrative. Resources that are not contained SHOULD have a narrative. In some cases, a resource may only have text with little or no additional discrete data (as long as all minOccurs=1 elements are satisfied).  This may be necessary for data from legacy systems where information is captured as a ""text blob"" or where text is additionally entered raw or narrated and encoded information is added later.","","","","","","","","",,,,,"",,,,"DomainResource.text",0,1,"dom-6
","ele-1:All FHIR elements must have a @value or children {hasValue() or (children().count() > id.count())}
"
"ee-spd-practitioner","Practitioner.contained","Practitioner.contained","","inline resources
anonymous resourcescontained resources","",0,*,"","","","Resource {[]} {[]}
","Contained, inline Resources","These resources do not have an independent existence apart from the resource that contains them - they cannot be identified independently, nor can they have their own independent transaction scope. This is allowed to be a Parameters resource if and only if it is referenced by a resource that provides context/meaning.","This should never be done when the content can be identified properly, as once identification is lost, it is extremely difficult (and context dependent) to restore it again. Contained resources may have profiles and tags in their meta elements, but SHALL NOT have security labels.","","","","","","","","",,,,,"",,,,"DomainResource.contained",0,*,"dom-2
dom-4dom-3dom-5",""
"ee-spd-practitioner","Practitioner.extension","Practitioner.extension","","extensions
user content","",0,*,"","","","Extension {[]} {[]}
","Additional content defined by implementations","May be used to represent additional information that is not part of the basic definition of the resource. To make the use of extensions safe and managable, there is a strict set of governance applied to the definition and use of extensions. Though any implementer can define an extension, there is a set of requirements that SHALL be met as part of the definition of the extension.","There can be no stigma associated with the use of extensions by any application, project, or standard - regardless of the institution or jurisdiction that uses or defines the extensions.  The use of extensions is what allows the FHIR specification to retain a core level of simplicity for everyone.","","","","","","","","",,,,,"",,,,"DomainResource.extension",0,*,"","ele-1:All FHIR elements must have a @value or children {hasValue() or (children().count() > id.count())}
ext-1:Must have either extensions or value[x], not both {extension.exists() != value.exists()}"
"ee-spd-practitioner","Practitioner.modifierExtension","Practitioner.modifierExtension","","extensions
user content","",0,*,"","Y","Y","Extension {[]} {[]}
","Extensions that cannot be ignored","May be used to represent additional information that is not part of the basic definition of the resource and that modifies the understanding of the element that contains it and/or the understanding of the containing element's descendants. Usually modifier elements provide negation or qualification. To make the use of extensions safe and managable, there is a strict set of governance applied to the definition and use of extensions. Though any implementer is allowed to define an extension, there is a set of requirements that SHALL be met as part of the definition of the extension. Applications processing a resource are required to check for modifier extensions.

Modifier extensions SHALL NOT change the meaning of any elements on Resource or DomainResource (including cannot change the meaning of modifierExtension itself).","There can be no stigma associated with the use of extensions by any application, project, or standard - regardless of the institution or jurisdiction that uses or defines the extensions.  The use of extensions is what allows the FHIR specification to retain a core level of simplicity for everyone.","Modifier extensions allow for extensions that *cannot* be safely ignored to be clearly distinguished from the vast majority of extensions which can be safely ignored.  This promotes interoperability by eliminating the need for implementers to prohibit the presence of extensions. For further information, see the [definition of modifier extensions](http://hl7.org/fhir/R5/extensibility.html#modifierExtension).","","","","","","","",,,,,"",,,,"DomainResource.modifierExtension",0,*,"","ele-1:All FHIR elements must have a @value or children {hasValue() or (children().count() > id.count())}
ext-1:Must have either extensions or value[x], not both {extension.exists() != value.exists()}"
"ee-spd-practitioner","Practitioner.identifier","Practitioner.identifier","","","",0,*,"","","Y","Identifier {[]} {[]}
","An identifier for the person as this agent","An identifier that applies to this person in this role.","","Often, specific identities are assigned for the agent.","","","","","","","",,,,,"",,,,"Practitioner.identifier",0,*,"","ele-1:All FHIR elements must have a @value or children {hasValue() or (children().count() > id.count())}
"
"ee-spd-practitioner","Practitioner.active","Practitioner.active","","","",0,1,"","Y","Y","boolean {[]} {[]}
","Whether this practitioner's record is in active use","Whether this practitioner's record is in active use.","If the practitioner is not in use by one organization, then it should mark the period on the PractitonerRole with an end date (even if they are active) as they may be active in another role.","Need to be able to mark a practitioner record as not to be used because it was created in error.","","This resource is generally assumed to be active if no value is provided for the active element","","","","","",,,,,"",,,,"Practitioner.active",0,1,"","ele-1:All FHIR elements must have a @value or children {hasValue() or (children().count() > id.count())}
"
"ee-spd-practitioner","Practitioner.name","Practitioner.name","","","",0,*,"","","Y","HumanName {[]} {[]}
","The name(s) associated with the practitioner","The name(s) associated with the practitioner.","The selection of the use property should ensure that there is a single usual name specified, and others use the nickname (alias), old, or other values as appropriate.  In general, select the value to be used in the ResourceReference.display based on this:1. There is more than 1 name2. Use = usual3. Period is current to the date of the usage4. Use = official5. Other order as decided by internal business rules.","The name(s) that a Practitioner is known by. Where there are multiple, the name that the practitioner is usually known as should be used in the display.","","","","","","","",,,,,"",,,,"Practitioner.name",0,*,"","ele-1:All FHIR elements must have a @value or children {hasValue() or (children().count() > id.count())}
"
"ee-spd-practitioner","Practitioner.telecom","Practitioner.telecom","","","",0,*,"","","Y","ContactPoint {[]} {[]}
","A contact detail for the practitioner (that apply to all roles)","A contact detail for the practitioner, e.g. a telephone number or an email address.","Person may have multiple ways to be contacted with different uses or applicable periods.  May need to have options for contacting the person urgently and to help with identification.  These typically will have home numbers, or mobile numbers that are not role specific.","Need to know how to reach a practitioner independent to any roles the practitioner may have.","","","","","","","",,,,,"",,,,"Practitioner.telecom",0,*,"","ele-1:All FHIR elements must have a @value or children {hasValue() or (children().count() > id.count())}
"
"ee-spd-practitioner","Practitioner.gender","Practitioner.gender","","","",0,1,"","","Y","code {[]} {[]}
","male | female | other | unknown","Administrative Gender - the gender that the person is considered to have for administration and record keeping purposes.","","Needed to address the person correctly.","","","","","","","",,"required","The gender of a person used for administrative purposes.","http://hl7.org/fhir/ValueSet/administrative-gender|5.0.0","",,,,"Practitioner.gender",0,1,"","ele-1:All FHIR elements must have a @value or children {hasValue() or (children().count() > id.count())}
"
"ee-spd-practitioner","Practitioner.birthDate","Practitioner.birthDate","","","",0,1,"","","Y","date {[]} {[]}
","The date  on which the practitioner was born","The date of birth for the practitioner.","","Needed for identification.","","","","","","","",,,,,"",,,,"Practitioner.birthDate",0,1,"","ele-1:All FHIR elements must have a @value or children {hasValue() or (children().count() > id.count())}
"
"ee-spd-practitioner","Practitioner.deceased[x]","Practitioner.deceased[x]","","","",0,1,"","","Y","boolean {[]} {[]}
dateTime {[]} {[]}","Indicates if the practitioner is deceased or not","Indicates if the practitioner is deceased or not.","If there's no value in the instance, it means there is no statement on whether or not the practitioner is deceased. Most systems will interpret the absence of a value as a sign of the person being alive.","","","","","","","","",,,,,"",,,,"Practitioner.deceased[x]",0,1,"","ele-1:All FHIR elements must have a @value or children {hasValue() or (children().count() > id.count())}
"
"ee-spd-practitioner","Practitioner.address","Practitioner.address","","","",1,1,"","","Y","Address {[]} {[]}
","Address(es) of the practitioner that are not role specific (typically home address)","Address(es) of the practitioner that are not role specific (typically home address). Work addresses are not typically entered in this property as they are usually role dependent.","The PractitionerRole does not have an address value on it, as it is expected that the location property be used for this purpose (which has an address).","The home/mailing address of the practitioner is often required for employee administration purposes, and also for some rostering services where the start point (practitioners home) can be used in calculations.","","","","","","","",,,,,"",,,,"Practitioner.address",0,*,"","ele-1:All FHIR elements must have a @value or children {hasValue() or (children().count() > id.count())}
"
"ee-spd-practitioner","Practitioner.photo","Practitioner.photo","","","",0,*,"","","","Attachment {[]} {[]}
","Image of the person","Image of the person.","","Many EHR systems have the capability to capture an image of patients and personnel. Fits with newer social media usage too.","","","","","","","",,,,,"",,,,"Practitioner.photo",0,*,"","ele-1:All FHIR elements must have a @value or children {hasValue() or (children().count() > id.count())}
"
"ee-spd-practitioner","Practitioner.qualification","Practitioner.qualification","","","",0,*,"","","","BackboneElement {[]} {[]}
","Qualifications, certifications, accreditations, licenses, training, etc. pertaining to the provision of care","The official qualifications, certifications, accreditations, training, licenses (and other types of educations/skills/capabilities) that authorize or otherwise pertain to the provision of care by the practitioner.For example, a medical license issued by a medical board of licensure authorizing the practitioner to practice medicine within a certain locality.","The PractitionerRole.specialty defines the functional role that they are practicing at a given organization or location.  Those specialties may or might not require a qualification, and are not defined on the practitioner.","","","","","","","","",,,,,"",,,,"Practitioner.qualification",0,*,"","ele-1:All FHIR elements must have a @value or children {hasValue() or (children().count() > id.count())}
"
"ee-spd-practitioner","Practitioner.qualification.id","Practitioner.qualification.id","","","",0,1,"","","","string {[]} {[]}
","Unique id for inter-element referencing","Unique id for the element within a resource (for internal references). This may be any string value that does not contain spaces.","","","","","","","","","",,,,,"",,,,"Element.id",0,1,"ele-1
",""
"ee-spd-practitioner","Practitioner.qualification.extension","Practitioner.qualification.extension","","extensions
user content","",0,*,"","","","Extension {[]} {[]}
","Additional content defined by implementations","May be used to represent additional information that is not part of the basic definition of the element. To make the use of extensions safe and managable, there is a strict set of governance applied to the definition and use of extensions. Though any implementer can define an extension, there is a set of requirements that SHALL be met as part of the definition of the extension.","There can be no stigma associated with the use of extensions by any application, project, or standard - regardless of the institution or jurisdiction that uses or defines the extensions.  The use of extensions is what allows the FHIR specification to retain a core level of simplicity for everyone.","","","","","","","","",,,,,"",,,,"Element.extension",0,*,"","ele-1:All FHIR elements must have a @value or children {hasValue() or (children().count() > id.count())}
ext-1:Must have either extensions or value[x], not both {extension.exists() != value.exists()}"
"ee-spd-practitioner","Practitioner.qualification.modifierExtension","Practitioner.qualification.modifierExtension","","extensions
user contentmodifiers","",0,*,"","Y","Y","Extension {[]} {[]}
","Extensions that cannot be ignored even if unrecognized","May be used to represent additional information that is not part of the basic definition of the element and that modifies the understanding of the element in which it is contained and/or the understanding of the containing element's descendants. Usually modifier elements provide negation or qualification. To make the use of extensions safe and managable, there is a strict set of governance applied to the definition and use of extensions. Though any implementer can define an extension, there is a set of requirements that SHALL be met as part of the definition of the extension. Applications processing a resource are required to check for modifier extensions.

Modifier extensions SHALL NOT change the meaning of any elements on Resource or DomainResource (including cannot change the meaning of modifierExtension itself).","There can be no stigma associated with the use of extensions by any application, project, or standard - regardless of the institution or jurisdiction that uses or defines the extensions.  The use of extensions is what allows the FHIR specification to retain a core level of simplicity for everyone.","Modifier extensions allow for extensions that *cannot* be safely ignored to be clearly distinguished from the vast majority of extensions which can be safely ignored.  This promotes interoperability by eliminating the need for implementers to prohibit the presence of extensions. For further information, see the [definition of modifier extensions](http://hl7.org/fhir/R5/extensibility.html#modifierExtension).","","","","","","","",,,,,"",,,,"BackboneElement.modifierExtension",0,*,"","ele-1:All FHIR elements must have a @value or children {hasValue() or (children().count() > id.count())}
ext-1:Must have either extensions or value[x], not both {extension.exists() != value.exists()}"
"ee-spd-practitioner","Practitioner.qualification.identifier","Practitioner.qualification.identifier","","","",0,*,"","","","Identifier {[]} {[]}
","An identifier for this qualification for the practitioner","An identifier that applies to this person's qualification.","","Often, specific identities are assigned for the qualification.","","","","","","","",,,,,"",,,,"Practitioner.qualification.identifier",0,*,"","ele-1:All FHIR elements must have a @value or children {hasValue() or (children().count() > id.count())}
"
"ee-spd-practitioner","Practitioner.qualification.code","Practitioner.qualification.code","","","",1,1,"","","","CodeableConcept {[]} {[]}
","Coded representation of the qualification","Coded representation of the qualification.","","","","","","","","","",,"example","Specific qualification the practitioner has to provide a service.","http://terminology.hl7.org/ValueSet/v2-0360","",,,,"Practitioner.qualification.code",1,1,"","ele-1:All FHIR elements must have a @value or children {hasValue() or (children().count() > id.count())}
"
"ee-spd-practitioner","Practitioner.qualification.period","Practitioner.qualification.period","","","",0,1,"","","","Period {[]} {[]}
","Period during which the qualification is valid","Period during which the qualification is valid.","","Qualifications are often for a limited period of time, and can be revoked.","","","","","","","",,,,,"",,,,"Practitioner.qualification.period",0,1,"","ele-1:All FHIR elements must have a @value or children {hasValue() or (children().count() > id.count())}
"
"ee-spd-practitioner","Practitioner.qualification.issuer","Practitioner.qualification.issuer","","","",0,1,"","","","Reference {[]} {[CanonicalType[http://hl7.org/fhir/StructureDefinition/Organization]]}
","Organization that regulates and issues the qualification","Organization that regulates and issues the qualification.","","","","","","","","","",,,,,"",,,,"Practitioner.qualification.issuer",0,1,"","ele-1:All FHIR elements must have a @value or children {hasValue() or (children().count() > id.count())}
"
"ee-spd-practitioner","Practitioner.communication","Practitioner.communication","","","",0,*,"","","","BackboneElement {[]} {[]}
","A language which may be used to communicate with the practitioner","A language which may be used to communicate with the practitioner, often for correspondence/administrative purposes.The `PractitionerRole.communication` property should be used for publishing the languages that a practitioner is able to communicate with patients (on a per Organization/Role basis).","If no language is specified, this *implies* that the default local language is spoken.  If you need to convey proficiency for multiple modes, then you need multiple Practitioner.Communication associations.For animals, language is not a relevant field, and should be absent from the instance.","","","","","","","","",,,,,"",,,,"Practitioner.communication",0,*,"","ele-1:All FHIR elements must have a @value or children {hasValue() or (children().count() > id.count())}
"
"ee-spd-practitioner","Practitioner.communication.id","Practitioner.communication.id","","","",0,1,"","","","string {[]} {[]}
","Unique id for inter-element referencing","Unique id for the element within a resource (for internal references). This may be any string value that does not contain spaces.","","","","","","","","","",,,,,"",,,,"Element.id",0,1,"ele-1
",""
"ee-spd-practitioner","Practitioner.communication.extension","Practitioner.communication.extension","","extensions
user content","",0,*,"","","","Extension {[]} {[]}
","Additional content defined by implementations","May be used to represent additional information that is not part of the basic definition of the element. To make the use of extensions safe and managable, there is a strict set of governance applied to the definition and use of extensions. Though any implementer can define an extension, there is a set of requirements that SHALL be met as part of the definition of the extension.","There can be no stigma associated with the use of extensions by any application, project, or standard - regardless of the institution or jurisdiction that uses or defines the extensions.  The use of extensions is what allows the FHIR specification to retain a core level of simplicity for everyone.","","","","","","","","",,,,,"",,,,"Element.extension",0,*,"","ele-1:All FHIR elements must have a @value or children {hasValue() or (children().count() > id.count())}
ext-1:Must have either extensions or value[x], not both {extension.exists() != value.exists()}"
"ee-spd-practitioner","Practitioner.communication.modifierExtension","Practitioner.communication.modifierExtension","","extensions
user contentmodifiers","",0,*,"","Y","Y","Extension {[]} {[]}
","Extensions that cannot be ignored even if unrecognized","May be used to represent additional information that is not part of the basic definition of the element and that modifies the understanding of the element in which it is contained and/or the understanding of the containing element's descendants. Usually modifier elements provide negation or qualification. To make the use of extensions safe and managable, there is a strict set of governance applied to the definition and use of extensions. Though any implementer can define an extension, there is a set of requirements that SHALL be met as part of the definition of the extension. Applications processing a resource are required to check for modifier extensions.

Modifier extensions SHALL NOT change the meaning of any elements on Resource or DomainResource (including cannot change the meaning of modifierExtension itself).","There can be no stigma associated with the use of extensions by any application, project, or standard - regardless of the institution or jurisdiction that uses or defines the extensions.  The use of extensions is what allows the FHIR specification to retain a core level of simplicity for everyone.","Modifier extensions allow for extensions that *cannot* be safely ignored to be clearly distinguished from the vast majority of extensions which can be safely ignored.  This promotes interoperability by eliminating the need for implementers to prohibit the presence of extensions. For further information, see the [definition of modifier extensions](http://hl7.org/fhir/R5/extensibility.html#modifierExtension).","","","","","","","",,,,,"",,,,"BackboneElement.modifierExtension",0,*,"","ele-1:All FHIR elements must have a @value or children {hasValue() or (children().count() > id.count())}
ext-1:Must have either extensions or value[x], not both {extension.exists() != value.exists()}"
"ee-spd-practitioner","Practitioner.communication.language","Practitioner.communication.language","","","",1,1,"","","","CodeableConcept {[]} {[]}
","The language code used to communicate with the practitioner","The ISO-639-1 alpha 2 code in lower case for the language, optionally followed by a hyphen and the ISO-3166-1 alpha 2 code for the region in upper case; e.g. ""en"" for English, or ""en-US"" for American English versus ""en-AU"" for Australian English.","The structure aa-BB with this exact casing is one the most widely used notations for locale. However not all systems actually code this but instead have it as free text. Hence CodeableConcept instead of code as the data type.","Most systems in multilingual countries will want to convey language. Not all systems actually need the regional dialect.","","","","","","","",,"required","IETF language tag for a human language","http://hl7.org/fhir/ValueSet/all-languages|5.0.0","",,,,"Practitioner.communication.language",1,1,"","ele-1:All FHIR elements must have a @value or children {hasValue() or (children().count() > id.count())}
"
"ee-spd-practitioner","Practitioner.communication.preferred","Practitioner.communication.preferred","","","",0,1,"","","","boolean {[]} {[]}
","Language preference indicator","Indicates whether or not the person prefers this language (over other languages he masters up a certain level).","This language is specifically identified for communicating directly with the practitioner (typically un-related to patient communications).","People that master multiple languages up to certain level may prefer one or more, i.e. feel more confident in communicating in a particular language making other languages sort of a fall back method.","","","","","","","",,,,,"",,,,"Practitioner.communication.preferred",0,1,"","ele-1:All FHIR elements must have a @value or children {hasValue() or (children().count() > id.count())}
"
"ee-tis-device-tjt","Device","Device","","","",0,*,"","","","null {[]} {[]}
","Item used in healthcare","A type of a manufactured item that is used in the provision of healthcare without being substantially changed through that activity. The device may be a medical or non-medical device.","","","","","","","","","",,,,,"",,,,"Device",0,*,"","dev-1:only one Device.name.display SHALL be true when there is more than one Device.name {name.where(display=true).count() <= 1}
dom-2:If the resource is contained in another resource, it SHALL NOT contain nested Resources {contained.contained.empty()}dom-3:If the resource is contained in another resource, it SHALL be referred to from elsewhere in the resource or SHALL refer to the containing resource {contained.where((('#'+id in (%resource.descendants().reference | %resource.descendants().ofType(canonical) | %resource.descendants().ofType(uri) | %resource.descendants().ofType(url))) or descendants().where(reference = '#').exists() or descendants().where(ofType(canonical) = '#').exists() or descendants().where(ofType(canonical) = '#').exists()).not()).trace('unmatched', id).empty()}dom-4:If a resource is contained in another resource, it SHALL NOT have a meta.versionId or a meta.lastUpdated {contained.meta.versionId.empty() and contained.meta.lastUpdated.empty()}dom-5:If a resource is contained in another resource, it SHALL NOT have a security label {contained.meta.security.empty()}dom-6:A resource should have narrative for robust management {text.`div`.exists()}"
"ee-tis-device-tjt","Device.id","Device.id","","","",0,1,"","","Y","id {[]} {[]}
","Logical id of this artifact","The logical id of the resource, as used in the URL for the resource. Once assigned, this value never changes.","Within the context of the FHIR RESTful interactions, the resource has an id except for cases like the create and conditional update. Otherwise, the use of the resouce id depends on the given use case.","","","","","","","","",,,,,"",,,,"Resource.id",0,1,"",""
"ee-tis-device-tjt","Device.meta","Device.meta","","","",0,1,"","","Y","Meta {[]} {[]}
","Metadata about the resource","The metadata about the resource. This is content that is maintained by the infrastructure. Changes to the content might not always be associated with version changes to the resource.","","","","","","","","","",,,,,"",,,,"Resource.meta",0,1,"","ele-1:All FHIR elements must have a @value or children {hasValue() or (children().count() > id.count())}
"
"ee-tis-device-tjt","Device.implicitRules","Device.implicitRules","","","",0,1,"","Y","Y","uri {[]} {[]}
","A set of rules under which this content was created","A reference to a set of rules that were followed when the resource was constructed, and which must be understood when processing the content. Often, this is a reference to an implementation guide that defines the special rules along with other profiles etc.","Asserting this rule set restricts the content to be only understood by a limited set of trading partners. This inherently limits the usefulness of the data in the long term. However, the existing health eco-system is highly fractured, and not yet ready to define, collect, and exchange data in a generally computable sense. Wherever possible, implementers and/or specification writers should avoid using this element. Often, when used, the URL is a reference to an implementation guide that defines these special rules as part of its narrative along with other profiles, value sets, etc.","","","","","","","","",,,,,"",,,,"Resource.implicitRules",0,1,"","ele-1:All FHIR elements must have a @value or children {hasValue() or (children().count() > id.count())}
"
"ee-tis-device-tjt","Device.language","Device.language","","","",0,1,"","","","code {[]} {[]}
","Language of the resource content","The base language in which the resource is written.","Language is provided to support indexing and accessibility (typically, services such as text to speech use the language tag). The html language tag in the narrative applies  to the narrative. The language tag on the resource may be used to specify the language of other presentations generated from the data in the resource. Not all the content has to be in the base language. The Resource.language should not be assumed to apply to the narrative automatically. If a language is specified, it should it also be specified on the div element in the html (see rules in HTML5 for information about the relationship between xml:lang and the html lang attribute).","","","","","","","","",,"required","IETF language tag for a human language","http://hl7.org/fhir/ValueSet/all-languages|5.0.0","",,,,"Resource.language",0,1,"","ele-1:All FHIR elements must have a @value or children {hasValue() or (children().count() > id.count())}
"
"ee-tis-device-tjt","Device.text","Device.text","","narrative
htmlxhtmldisplay","",0,1,"","","","Narrative {[]} {[]}
","Text summary of the resource, for human interpretation","A human-readable narrative that contains a summary of the resource and can be used to represent the content of the resource to a human. The narrative need not encode all the structured data, but is required to contain sufficient detail to make it ""clinically safe"" for a human to just read the narrative. Resource definitions may define what content should be represented in the narrative to ensure clinical safety.","Contained resources do not have a narrative. Resources that are not contained SHOULD have a narrative. In some cases, a resource may only have text with little or no additional discrete data (as long as all minOccurs=1 elements are satisfied).  This may be necessary for data from legacy systems where information is captured as a ""text blob"" or where text is additionally entered raw or narrated and encoded information is added later.","","","","","","","","",,,,,"",,,,"DomainResource.text",0,1,"dom-6
","ele-1:All FHIR elements must have a @value or children {hasValue() or (children().count() > id.count())}
"
"ee-tis-device-tjt","Device.contained","Device.contained","","inline resources
anonymous resourcescontained resources","",0,*,"","","","Resource {[]} {[]}
","Contained, inline Resources","These resources do not have an independent existence apart from the resource that contains them - they cannot be identified independently, nor can they have their own independent transaction scope. This is allowed to be a Parameters resource if and only if it is referenced by a resource that provides context/meaning.","This should never be done when the content can be identified properly, as once identification is lost, it is extremely difficult (and context dependent) to restore it again. Contained resources may have profiles and tags in their meta elements, but SHALL NOT have security labels.","","","","","","","","",,,,,"",,,,"DomainResource.contained",0,*,"dom-2
dom-4dom-3dom-5",""
"ee-tis-device-tjt","Device.extension","Device.extension","","extensions
user content","",0,*,"","","","Extension {[]} {[]}
","Additional content defined by implementations","May be used to represent additional information that is not part of the basic definition of the resource. To make the use of extensions safe and managable, there is a strict set of governance applied to the definition and use of extensions. Though any implementer can define an extension, there is a set of requirements that SHALL be met as part of the definition of the extension.","There can be no stigma associated with the use of extensions by any application, project, or standard - regardless of the institution or jurisdiction that uses or defines the extensions.  The use of extensions is what allows the FHIR specification to retain a core level of simplicity for everyone.","","","","","","","","",,,,,"",,,,"DomainResource.extension",0,*,"","ele-1:All FHIR elements must have a @value or children {hasValue() or (children().count() > id.count())}
ext-1:Must have either extensions or value[x], not both {extension.exists() != value.exists()}"
"ee-tis-device-tjt","Device.modifierExtension","Device.modifierExtension","","extensions
user content","",0,*,"","Y","Y","Extension {[]} {[]}
","Extensions that cannot be ignored","May be used to represent additional information that is not part of the basic definition of the resource and that modifies the understanding of the element that contains it and/or the understanding of the containing element's descendants. Usually modifier elements provide negation or qualification. To make the use of extensions safe and managable, there is a strict set of governance applied to the definition and use of extensions. Though any implementer is allowed to define an extension, there is a set of requirements that SHALL be met as part of the definition of the extension. Applications processing a resource are required to check for modifier extensions.

Modifier extensions SHALL NOT change the meaning of any elements on Resource or DomainResource (including cannot change the meaning of modifierExtension itself).","There can be no stigma associated with the use of extensions by any application, project, or standard - regardless of the institution or jurisdiction that uses or defines the extensions.  The use of extensions is what allows the FHIR specification to retain a core level of simplicity for everyone.","Modifier extensions allow for extensions that *cannot* be safely ignored to be clearly distinguished from the vast majority of extensions which can be safely ignored.  This promotes interoperability by eliminating the need for implementers to prohibit the presence of extensions. For further information, see the [definition of modifier extensions](http://hl7.org/fhir/R5/extensibility.html#modifierExtension).","","","","","","","",,,,,"",,,,"DomainResource.modifierExtension",0,*,"","ele-1:All FHIR elements must have a @value or children {hasValue() or (children().count() > id.count())}
ext-1:Must have either extensions or value[x], not both {extension.exists() != value.exists()}"
"ee-tis-device-tjt","Device.identifier","Device.identifier","","","",0,*,"","","","Identifier {[]} {[]}
","Instance identifier","Unique instance identifiers assigned to a device by manufacturers other organizations or owners.","Certain attributes, like serial number and UDI Carrier (the HRF or AIDC barcode string) are not device instance identifiers as they are not consistently able to uniquely identify the instance of a device, thus are not appropriate to be used to value Device.identifier. The barcode string from a barcode present on a device label or package may identify the instance, include names given to the device in local usage, or may identify the type of device. If the identifier identifies the type of device, Device.type element should be used. The identifier is typically valued if the serialNumber or lotNumber is not valued and represents a different type of identifier.  However, it is permissible to still include those identifiers in DeviceDefinition.identifier with the appropriate identifier.type.","","","","","","","","",,,,,"",,,,"Device.identifier",0,*,"","ele-1:All FHIR elements must have a @value or children {hasValue() or (children().count() > id.count())}
"
"ee-tis-device-tjt","Device.displayName","Device.displayName","","","",0,1,"","","","string {[]} {[]}
","The name used to display by default when the device is referenced","The name used to display by default when the device is referenced. Based on intent of use by the resource creator, this may reflect one of the names in Device.name, or may be another simple name.","","","","","<valueString xmlns=""http://hl7.org/fhir"" value=""TJT""/>","","","","",,,,,"",,,,"Device.displayName",0,1,"","ele-1:All FHIR elements must have a @value or children {hasValue() or (children().count() > id.count())}
"
"ee-tis-device-tjt","Device.definition","Device.definition","","","",0,0,"","","","CodeableReference {[]} {[CanonicalType[http://hl7.org/fhir/StructureDefinition/DeviceDefinition]]}
","The reference to the definition for the device","The reference to the definition for the device.","","","","","","","","","",,,,,"",,,,"Device.definition",0,1,"","ele-1:All FHIR elements must have a @value or children {hasValue() or (children().count() > id.count())}
"
"ee-tis-device-tjt","Device.udiCarrier","Device.udiCarrier","","","",0,0,"","","Y","BackboneElement {[]} {[]}
","Unique Device Identifier (UDI) Barcode string","Unique device identifier (UDI) assigned to device label or package.  Note that the Device may include multiple udiCarriers as it either may include just the udiCarrier for the jurisdiction it is sold, or for multiple jurisdictions it could have been sold.","UDI may identify an unique instance of a device, or it may only identify the type of the device.  See [UDI mappings](http://hl7.org/fhir/R5/device-mappings.html#udi) for a complete mapping of UDI parts to Device.","","","","","","","","",,,,,"",,,,"Device.udiCarrier",0,*,"","ele-1:All FHIR elements must have a @value or children {hasValue() or (children().count() > id.count())}
"
"ee-tis-device-tjt","Device.udiCarrier.id","Device.udiCarrier.id","","","",0,1,"","","","string {[]} {[]}
","Unique id for inter-element referencing","Unique id for the element within a resource (for internal references). This may be any string value that does not contain spaces.","","","","","","","","","",,,,,"",,,,"Element.id",0,1,"ele-1
",""
"ee-tis-device-tjt","Device.udiCarrier.extension","Device.udiCarrier.extension","","extensions
user content","",0,*,"","","","Extension {[]} {[]}
","Additional content defined by implementations","May be used to represent additional information that is not part of the basic definition of the element. To make the use of extensions safe and managable, there is a strict set of governance applied to the definition and use of extensions. Though any implementer can define an extension, there is a set of requirements that SHALL be met as part of the definition of the extension.","There can be no stigma associated with the use of extensions by any application, project, or standard - regardless of the institution or jurisdiction that uses or defines the extensions.  The use of extensions is what allows the FHIR specification to retain a core level of simplicity for everyone.","","","","","","","","",,,,,"",,,,"Element.extension",0,*,"","ele-1:All FHIR elements must have a @value or children {hasValue() or (children().count() > id.count())}
ext-1:Must have either extensions or value[x], not both {extension.exists() != value.exists()}"
"ee-tis-device-tjt","Device.udiCarrier.modifierExtension","Device.udiCarrier.modifierExtension","","extensions
user contentmodifiers","",0,*,"","Y","Y","Extension {[]} {[]}
","Extensions that cannot be ignored even if unrecognized","May be used to represent additional information that is not part of the basic definition of the element and that modifies the understanding of the element in which it is contained and/or the understanding of the containing element's descendants. Usually modifier elements provide negation or qualification. To make the use of extensions safe and managable, there is a strict set of governance applied to the definition and use of extensions. Though any implementer can define an extension, there is a set of requirements that SHALL be met as part of the definition of the extension. Applications processing a resource are required to check for modifier extensions.

Modifier extensions SHALL NOT change the meaning of any elements on Resource or DomainResource (including cannot change the meaning of modifierExtension itself).","There can be no stigma associated with the use of extensions by any application, project, or standard - regardless of the institution or jurisdiction that uses or defines the extensions.  The use of extensions is what allows the FHIR specification to retain a core level of simplicity for everyone.","Modifier extensions allow for extensions that *cannot* be safely ignored to be clearly distinguished from the vast majority of extensions which can be safely ignored.  This promotes interoperability by eliminating the need for implementers to prohibit the presence of extensions. For further information, see the [definition of modifier extensions](http://hl7.org/fhir/R5/extensibility.html#modifierExtension).","","","","","","","",,,,,"",,,,"BackboneElement.modifierExtension",0,*,"","ele-1:All FHIR elements must have a @value or children {hasValue() or (children().count() > id.count())}
ext-1:Must have either extensions or value[x], not both {extension.exists() != value.exists()}"
"ee-tis-device-tjt","Device.udiCarrier.deviceIdentifier","Device.udiCarrier.deviceIdentifier","","DI
","",1,1,"","","Y","string {[]} {[]}
","Mandatory fixed portion of UDI","The device identifier (DI) is a mandatory, fixed portion of a UDI that identifies the labeler and the specific version or model of a device.","","","","","","","","","",,,,,"",,,,"Device.udiCarrier.deviceIdentifier",1,1,"","ele-1:All FHIR elements must have a @value or children {hasValue() or (children().count() > id.count())}
"
"ee-tis-device-tjt","Device.udiCarrier.issuer","Device.udiCarrier.issuer","","Barcode System
","",1,1,"","","Y","uri {[]} {[]}
","UDI Issuing Organization","Organization that is charged with issuing UDIs for devices. For example, the US FDA issuers include: 
1) GS1: http://hl7.org/fhir/NamingSystem/gs1-di, 
2) HIBCC: http://hl7.org/fhir/NamingSystem/hibcc-diI, 
3) ICCBBA for blood containers: http://hl7.org/fhir/NamingSystem/iccbba-blood-di, 
4) ICCBA for other devices: http://hl7.org/fhir/NamingSystem/iccbba-other-di # Informationsstelle für Arzneispezialitäten (IFA GmbH) (EU only): http://hl7.org/fhir/NamingSystem/ifa-gmbh-di.","","","","","","","","","",,,,,"",,,,"Device.udiCarrier.issuer",1,1,"","ele-1:All FHIR elements must have a @value or children {hasValue() or (children().count() > id.count())}
"
"ee-tis-device-tjt","Device.udiCarrier.jurisdiction","Device.udiCarrier.jurisdiction","","","",0,1,"","","","uri {[]} {[]}
","Regional UDI authority","The identity of the authoritative source for UDI generation within a jurisdiction. All UDIs are globally unique within a single namespace with the appropriate repository uri as the system. For example, UDIs of devices managed in the U.S. by the FDA, the value is http://hl7.org/fhir/NamingSystem/us-fda-udi or in the European Union by the European Commission http://hl7.org/fhir/NamingSystem/eu-ec-udi.","","Allows a recipient of a UDI to know which database will contain the UDI-associated metadata.","","","","","","","",,,,,"",,,,"Device.udiCarrier.jurisdiction",0,1,"","ele-1:All FHIR elements must have a @value or children {hasValue() or (children().count() > id.count())}
"
"ee-tis-device-tjt","Device.udiCarrier.carrierAIDC","Device.udiCarrier.carrierAIDC","","Automatic Identification and Data Capture
","",0,1,"","","Y","base64Binary {[]} {[]}
","UDI Machine Readable Barcode String","The full UDI carrier of the Automatic Identification and Data Capture (AIDC) technology representation of the barcode string as printed on the packaging of the device - e.g., a barcode or RFID.   Because of limitations on character sets in XML and the need to round-trip JSON data through XML, AIDC Formats *SHALL* be base64 encoded.","The AIDC form of UDIs should be scanned or otherwise used for the identification of the device whenever possible to minimize errors in records resulting from manual transcriptions. If separate barcodes for DI and PI are present, concatenate the string with DI first and in order of human readable expression on label.","","","","","","","","",,,,,"",,,,"Device.udiCarrier.carrierAIDC",0,1,"","ele-1:All FHIR elements must have a @value or children {hasValue() or (children().count() > id.count())}
"
"ee-tis-device-tjt","Device.udiCarrier.carrierHRF","Device.udiCarrier.carrierHRF","","Human Readable Form
","",0,1,"","","Y","string {[]} {[]}
","UDI Human Readable Barcode String","The full UDI carrier as the human readable form (HRF) representation of the barcode string as printed on the packaging of the device.","If separate barcodes for DI and PI are present, concatenate the string with DI first and in order of human readable expression on label.","","","","","","","","",,,,,"",,,,"Device.udiCarrier.carrierHRF",0,1,"","ele-1:All FHIR elements must have a @value or children {hasValue() or (children().count() > id.count())}
"
"ee-tis-device-tjt","Device.udiCarrier.entryType","Device.udiCarrier.entryType","","","",0,1,"","","","code {[]} {[]}
","barcode | rfid | manual | card | self-reported | electronic-transmission | unknown","A coded entry to indicate how the data was entered.","","Supports a way to distinguish hand entered from machine read data.","","","","","","","",,"required","Codes to identify how UDI data was entered.","http://hl7.org/fhir/ValueSet/udi-entry-type|5.0.0","",,,,"Device.udiCarrier.entryType",0,1,"","ele-1:All FHIR elements must have a @value or children {hasValue() or (children().count() > id.count())}
"
"ee-tis-device-tjt","Device.status","Device.status","","","",0,1,"","Y","Y","code {[]} {[]}
","active | inactive | entered-in-error","The Device record status. This is not the status of the device like availability.","","","","","<valueCode xmlns=""http://hl7.org/fhir"" value=""active""/>","","","","",,"required","The record status of the device.","http://hl7.org/fhir/ValueSet/device-status|5.0.0","",,,,"Device.status",0,1,"","ele-1:All FHIR elements must have a @value or children {hasValue() or (children().count() > id.count())}
"
"ee-tis-device-tjt","Device.availabilityStatus","Device.availabilityStatus","","","",0,0,"","","","CodeableConcept {[]} {[]}
","lost | damaged | destroyed | available","The availability of the device.","","","","","","","","","",,"extensible","The availability status reason of the device.","http://hl7.org/fhir/ValueSet/device-availability-status","",,,,"Device.availabilityStatus",0,1,"","ele-1:All FHIR elements must have a @value or children {hasValue() or (children().count() > id.count())}
"
"ee-tis-device-tjt","Device.biologicalSourceEvent","Device.biologicalSourceEvent","","Distinct Identification Code (DIC)
","",0,0,"","","","Identifier {[]} {[]}
","An identifier that supports traceability to the event during which material in this product from one or more biological entities was obtained or pooled","An identifier that supports traceability to the event during which material in this product from one or more biological entities was obtained or pooled.","Necessary to support mandatory requirements for traceability from donor/source to recipient and vice versa, while also satisfying donor anonymity requirements. The element is defined consistently across BiologicallyDerivedProduct, NutritionProduct, and Device.  The identifier references an event that links to a single biological entity such as a blood donor, or to multiple biological entities (e.g. when the product is an embryo or a pooled platelet product).  A single biologicalSourceEvent identifier may appear on multiple products of many types derived from a single donation event or source extraction.  As an example, a single donation event may provide 2 kidneys and a liver for organ transplantation, 2 corneas for eye surgery, heart valves and arterial tissue for cardiovascular surgery, multiple skin grafts, tendons, multiple shaped bone grafts and a large number of bone putty/paste products; and each of them may be assigned to the same biological source event identifier.","","","","","","","","",,,,,"",,,,"Device.biologicalSourceEvent",0,1,"","ele-1:All FHIR elements must have a @value or children {hasValue() or (children().count() > id.count())}
"
"ee-tis-device-tjt","Device.manufacturer","Device.manufacturer","","","",0,0,"","","","string {[]} {[]}
","Name of device manufacturer","A name of the manufacturer or entity legally responsible for the device.","","","","","","","","","",,,,,"",,,,"Device.manufacturer",0,1,"","ele-1:All FHIR elements must have a @value or children {hasValue() or (children().count() > id.count())}
"
"ee-tis-device-tjt","Device.manufactureDate","Device.manufactureDate","","","",0,0,"","","","dateTime {[]} {[]}
","Date when the device was made","The date and time when the device was manufactured.","","","","","","","","","",,,,,"",,,,"Device.manufactureDate",0,1,"","ele-1:All FHIR elements must have a @value or children {hasValue() or (children().count() > id.count())}
"
"ee-tis-device-tjt","Device.expirationDate","Device.expirationDate","","","",0,0,"","","","dateTime {[]} {[]}
","Date and time of expiry of this device (if applicable)","The date and time beyond which this device is no longer valid or should not be used (if applicable).","","","","","","","","","",,,,,"",,,,"Device.expirationDate",0,1,"","ele-1:All FHIR elements must have a @value or children {hasValue() or (children().count() > id.count())}
"
"ee-tis-device-tjt","Device.lotNumber","Device.lotNumber","","","",0,0,"","","","string {[]} {[]}
","Lot number of manufacture","Lot number assigned by the manufacturer.","","","","","","","","","",,,,,"",,,,"Device.lotNumber",0,1,"","ele-1:All FHIR elements must have a @value or children {hasValue() or (children().count() > id.count())}
"
"ee-tis-device-tjt","Device.serialNumber","Device.serialNumber","","","",0,0,"","","","string {[]} {[]}
","Serial number assigned by the manufacturer","The serial number assigned by the organization when the device was manufactured.","Alphanumeric Maximum 20. While a serial number is a type of identifier, in the context of devices for which a UDI is required, thus a serial number may be part of the production identifier, it is more informative to have the serial number as a dedicated attribute together with the other UDI production identifier.  When the device is not subject to including the UDI (e.g., its presence and exchange is not mandated by local regulatory requirements or specific use case at hand), thus the concept of production identifiers is not relevant as a set, it remains helpful for consistency to still use Device.serialNumber rather than using Device.identifier with an appropriate type.  Systems that do not realize an identifier is a serial number may place it in Device.identifier or if the identifier.system is known for the serial number, it may also be populated in the Device.identifier as a globally unique id_.","","","","","","","","",,,,,"",,,,"Device.serialNumber",0,1,"","ele-1:All FHIR elements must have a @value or children {hasValue() or (children().count() > id.count())}
"
"ee-tis-device-tjt","Device.name","Device.name","","","",0,*,"","","","BackboneElement {[]} {[]}
","Tervisejuhtimise töölaud","This represents the manufacturer's name of the device as provided by the device, from a UDI label, or by a person describing the Device.  This typically would be used when a person provides the name(s) or when the device represents one of the names available from DeviceDefinition.","","","","","","","","","",,,,,"",,,,"Device.name",0,*,"dev-1
","ele-1:All FHIR elements must have a @value or children {hasValue() or (children().count() > id.count())}
"
"ee-tis-device-tjt","Device.name.id","Device.name.id","","","",0,1,"","","","string {[]} {[]}
","Unique id for inter-element referencing","Unique id for the element within a resource (for internal references). This may be any string value that does not contain spaces.","","","","","","","","","",,,,,"",,,,"Element.id",0,1,"ele-1
",""
"ee-tis-device-tjt","Device.name.extension","Device.name.extension","","extensions
user content","",0,*,"","","","Extension {[]} {[]}
","Additional content defined by implementations","May be used to represent additional information that is not part of the basic definition of the element. To make the use of extensions safe and managable, there is a strict set of governance applied to the definition and use of extensions. Though any implementer can define an extension, there is a set of requirements that SHALL be met as part of the definition of the extension.","There can be no stigma associated with the use of extensions by any application, project, or standard - regardless of the institution or jurisdiction that uses or defines the extensions.  The use of extensions is what allows the FHIR specification to retain a core level of simplicity for everyone.","","","","","","","","",,,,,"",,,,"Element.extension",0,*,"","ele-1:All FHIR elements must have a @value or children {hasValue() or (children().count() > id.count())}
ext-1:Must have either extensions or value[x], not both {extension.exists() != value.exists()}"
"ee-tis-device-tjt","Device.name.modifierExtension","Device.name.modifierExtension","","extensions
user contentmodifiers","",0,*,"","Y","Y","Extension {[]} {[]}
","Extensions that cannot be ignored even if unrecognized","May be used to represent additional information that is not part of the basic definition of the element and that modifies the understanding of the element in which it is contained and/or the understanding of the containing element's descendants. Usually modifier elements provide negation or qualification. To make the use of extensions safe and managable, there is a strict set of governance applied to the definition and use of extensions. Though any implementer can define an extension, there is a set of requirements that SHALL be met as part of the definition of the extension. Applications processing a resource are required to check for modifier extensions.

Modifier extensions SHALL NOT change the meaning of any elements on Resource or DomainResource (including cannot change the meaning of modifierExtension itself).","There can be no stigma associated with the use of extensions by any application, project, or standard - regardless of the institution or jurisdiction that uses or defines the extensions.  The use of extensions is what allows the FHIR specification to retain a core level of simplicity for everyone.","Modifier extensions allow for extensions that *cannot* be safely ignored to be clearly distinguished from the vast majority of extensions which can be safely ignored.  This promotes interoperability by eliminating the need for implementers to prohibit the presence of extensions. For further information, see the [definition of modifier extensions](http://hl7.org/fhir/R5/extensibility.html#modifierExtension).","","","","","","","",,,,,"",,,,"BackboneElement.modifierExtension",0,*,"","ele-1:All FHIR elements must have a @value or children {hasValue() or (children().count() > id.count())}
ext-1:Must have either extensions or value[x], not both {extension.exists() != value.exists()}"
"ee-tis-device-tjt","Device.name.value","Device.name.value","","Σ
","",1,1,"","","Y","string {[]} {[]}
","The term that names the device","The actual name that identifies the device.","","","","","<valueString xmlns=""http://hl7.org/fhir"" value=""TJT""/>","","","","",,,,,"",,,,"Device.name.value",1,1,"","ele-1:All FHIR elements must have a @value or children {hasValue() or (children().count() > id.count())}
"
"ee-tis-device-tjt","Device.name.type","Device.name.type","","","",1,1,"","","Y","code {[]} {[]}
","registered-name | user-friendly-name | patient-reported-name","Indicates the kind of name. RegisteredName | UserFriendlyName | PatientReportedName.","","","","","","","","","",,"required","The type of name the device is referred by.","http://hl7.org/fhir/ValueSet/device-nametype|5.0.0","",,,,"Device.name.type",1,1,"","ele-1:All FHIR elements must have a @value or children {hasValue() or (children().count() > id.count())}
"
"ee-tis-device-tjt","Device.name.display","Device.name.display","","","",0,1,"","Y","Y","boolean {[]} {[]}
","TJT","Indicates the default or preferred name to be displayed.","","","","","","","","","",,,,,"",,,,"Device.name.display",0,1,"dev-1
","ele-1:All FHIR elements must have a @value or children {hasValue() or (children().count() > id.count())}
"
"ee-tis-device-tjt","Device.modelNumber","Device.modelNumber","","","",0,0,"","","","string {[]} {[]}
","The manufacturer's model number for the device","The manufacturer's model number for the device.","","","","","","","","","",,,,,"",,,,"Device.modelNumber",0,1,"","ele-1:All FHIR elements must have a @value or children {hasValue() or (children().count() > id.count())}
"
"ee-tis-device-tjt","Device.partNumber","Device.partNumber","","","",0,0,"","","","string {[]} {[]}
","The part number or catalog number of the device","The part number or catalog number of the device.","Alphanumeric Maximum 20.","","","","","","","","",,,,,"",,,,"Device.partNumber",0,1,"","ele-1:All FHIR elements must have a @value or children {hasValue() or (children().count() > id.count())}
"
"ee-tis-device-tjt","Device.category","Device.category","","","",0,*,"","","","CodeableConcept {[]} {[]}
","Indicates a high-level grouping of the device","Devices may be associated with one or more categories.","","","","","","","","","",,"example","Categories of medical devices.","http://hl7.org/fhir/ValueSet/device-category","",,,,"Device.category",0,*,"","ele-1:All FHIR elements must have a @value or children {hasValue() or (children().count() > id.count())}
"
"ee-tis-device-tjt","Device.type","Device.type","","","",0,*,"","","","CodeableConcept {[]} {[]}
","The kind or type of device","The kind or type of device. A device instance may have more than one type - in which case those are the types that apply to the specific instance of the device.","Multiple device types are use when a device is categorized in more than one context – for example, hybrid devices in which the device is both of type gateway and sensor.","","","","","","","","",,"example","Codes to identify medical devices.","http://hl7.org/fhir/ValueSet/device-type","",,,,"Device.type",0,*,"","ele-1:All FHIR elements must have a @value or children {hasValue() or (children().count() > id.count())}
"
"ee-tis-device-tjt","Device.version","Device.version","","","",0,*,"","","","BackboneElement {[]} {[]}
","The actual design of the device or software version running on the device","The actual design of the device or software version running on the device.","","","","","","","","","",,,,,"",,,,"Device.version",0,*,"","ele-1:All FHIR elements must have a @value or children {hasValue() or (children().count() > id.count())}
"
"ee-tis-device-tjt","Device.version.id","Device.version.id","","","",0,1,"","","","string {[]} {[]}
","Unique id for inter-element referencing","Unique id for the element within a resource (for internal references). This may be any string value that does not contain spaces.","","","","","","","","","",,,,,"",,,,"Element.id",0,1,"ele-1
",""
"ee-tis-device-tjt","Device.version.extension","Device.version.extension","","extensions
user content","",0,*,"","","","Extension {[]} {[]}
","Additional content defined by implementations","May be used to represent additional information that is not part of the basic definition of the element. To make the use of extensions safe and managable, there is a strict set of governance applied to the definition and use of extensions. Though any implementer can define an extension, there is a set of requirements that SHALL be met as part of the definition of the extension.","There can be no stigma associated with the use of extensions by any application, project, or standard - regardless of the institution or jurisdiction that uses or defines the extensions.  The use of extensions is what allows the FHIR specification to retain a core level of simplicity for everyone.","","","","","","","","",,,,,"",,,,"Element.extension",0,*,"","ele-1:All FHIR elements must have a @value or children {hasValue() or (children().count() > id.count())}
ext-1:Must have either extensions or value[x], not both {extension.exists() != value.exists()}"
"ee-tis-device-tjt","Device.version.modifierExtension","Device.version.modifierExtension","","extensions
user contentmodifiers","",0,*,"","Y","Y","Extension {[]} {[]}
","Extensions that cannot be ignored even if unrecognized","May be used to represent additional information that is not part of the basic definition of the element and that modifies the understanding of the element in which it is contained and/or the understanding of the containing element's descendants. Usually modifier elements provide negation or qualification. To make the use of extensions safe and managable, there is a strict set of governance applied to the definition and use of extensions. Though any implementer can define an extension, there is a set of requirements that SHALL be met as part of the definition of the extension. Applications processing a resource are required to check for modifier extensions.

Modifier extensions SHALL NOT change the meaning of any elements on Resource or DomainResource (including cannot change the meaning of modifierExtension itself).","There can be no stigma associated with the use of extensions by any application, project, or standard - regardless of the institution or jurisdiction that uses or defines the extensions.  The use of extensions is what allows the FHIR specification to retain a core level of simplicity for everyone.","Modifier extensions allow for extensions that *cannot* be safely ignored to be clearly distinguished from the vast majority of extensions which can be safely ignored.  This promotes interoperability by eliminating the need for implementers to prohibit the presence of extensions. For further information, see the [definition of modifier extensions](http://hl7.org/fhir/R5/extensibility.html#modifierExtension).","","","","","","","",,,,,"",,,,"BackboneElement.modifierExtension",0,*,"","ele-1:All FHIR elements must have a @value or children {hasValue() or (children().count() > id.count())}
ext-1:Must have either extensions or value[x], not both {extension.exists() != value.exists()}"
"ee-tis-device-tjt","Device.version.type","Device.version.type","","Σ
","",0,1,"","","","CodeableConcept {[]} {[]}
","The type of the device version, e.g. manufacturer, approved, internal","The type of the device version, e.g. manufacturer, approved, internal.","","","","","","","","","",,"example","The type of version indicated for the device.","http://hl7.org/fhir/ValueSet/device-versiontype","",,,,"Device.version.type",0,1,"","ele-1:All FHIR elements must have a @value or children {hasValue() or (children().count() > id.count())}
"
"ee-tis-device-tjt","Device.version.component","Device.version.component","","","",0,1,"","","","Identifier {[]} {[]}
","The hardware or software module of the device to which the version applies","The hardware or software module of the device to which the version applies.","Note that the module of the device would not need to be tracked as a separate device, e.g., using different UDI, thus would typically involve one or more software modules. For example, a device may involve two software modules each on a different version.","","","","","","","","",,,,,"",,,,"Device.version.component",0,1,"","ele-1:All FHIR elements must have a @value or children {hasValue() or (children().count() > id.count())}
"
"ee-tis-device-tjt","Device.version.installDate","Device.version.installDate","","","",0,1,"","","","dateTime {[]} {[]}
","The date the version was installed on the device","The date the version was installed on the device.","","","","","","","","","",,,,,"",,,,"Device.version.installDate",0,1,"","ele-1:All FHIR elements must have a @value or children {hasValue() or (children().count() > id.count())}
"
"ee-tis-device-tjt","Device.version.value","Device.version.value","","","",1,1,"","","","string {[]} {[]}
","The version text","The version text.","","","","","","","","","",,,,,"",,,,"Device.version.value",1,1,"","ele-1:All FHIR elements must have a @value or children {hasValue() or (children().count() > id.count())}
"
"ee-tis-device-tjt","Device.conformsTo","Device.conformsTo","","","",0,0,"","","","BackboneElement {[]} {[]}
","Identifies the standards, specifications, or formal guidances for the capabilities supported by the device","Identifies the standards, specifications, or formal guidances for the capabilities supported by the device. The device may be certified as conformant to these specifications e.g., communication, performance, process, measurement, or specialization standards.","","","","","","","","","",,,,,"",,,,"Device.conformsTo",0,*,"","ele-1:All FHIR elements must have a @value or children {hasValue() or (children().count() > id.count())}
"
"ee-tis-device-tjt","Device.conformsTo.id","Device.conformsTo.id","","","",0,1,"","","","string {[]} {[]}
","Unique id for inter-element referencing","Unique id for the element within a resource (for internal references). This may be any string value that does not contain spaces.","","","","","","","","","",,,,,"",,,,"Element.id",0,1,"ele-1
",""
"ee-tis-device-tjt","Device.conformsTo.extension","Device.conformsTo.extension","","extensions
user content","",0,*,"","","","Extension {[]} {[]}
","Additional content defined by implementations","May be used to represent additional information that is not part of the basic definition of the element. To make the use of extensions safe and managable, there is a strict set of governance applied to the definition and use of extensions. Though any implementer can define an extension, there is a set of requirements that SHALL be met as part of the definition of the extension.","There can be no stigma associated with the use of extensions by any application, project, or standard - regardless of the institution or jurisdiction that uses or defines the extensions.  The use of extensions is what allows the FHIR specification to retain a core level of simplicity for everyone.","","","","","","","","",,,,,"",,,,"Element.extension",0,*,"","ele-1:All FHIR elements must have a @value or children {hasValue() or (children().count() > id.count())}
ext-1:Must have either extensions or value[x], not both {extension.exists() != value.exists()}"
"ee-tis-device-tjt","Device.conformsTo.modifierExtension","Device.conformsTo.modifierExtension","","extensions
user contentmodifiers","",0,*,"","Y","Y","Extension {[]} {[]}
","Extensions that cannot be ignored even if unrecognized","May be used to represent additional information that is not part of the basic definition of the element and that modifies the understanding of the element in which it is contained and/or the understanding of the containing element's descendants. Usually modifier elements provide negation or qualification. To make the use of extensions safe and managable, there is a strict set of governance applied to the definition and use of extensions. Though any implementer can define an extension, there is a set of requirements that SHALL be met as part of the definition of the extension. Applications processing a resource are required to check for modifier extensions.

Modifier extensions SHALL NOT change the meaning of any elements on Resource or DomainResource (including cannot change the meaning of modifierExtension itself).","There can be no stigma associated with the use of extensions by any application, project, or standard - regardless of the institution or jurisdiction that uses or defines the extensions.  The use of extensions is what allows the FHIR specification to retain a core level of simplicity for everyone.","Modifier extensions allow for extensions that *cannot* be safely ignored to be clearly distinguished from the vast majority of extensions which can be safely ignored.  This promotes interoperability by eliminating the need for implementers to prohibit the presence of extensions. For further information, see the [definition of modifier extensions](http://hl7.org/fhir/R5/extensibility.html#modifierExtension).","","","","","","","",,,,,"",,,,"BackboneElement.modifierExtension",0,*,"","ele-1:All FHIR elements must have a @value or children {hasValue() or (children().count() > id.count())}
ext-1:Must have either extensions or value[x], not both {extension.exists() != value.exists()}"
"ee-tis-device-tjt","Device.conformsTo.category","Device.conformsTo.category","","","",0,1,"","","","CodeableConcept {[]} {[]}
","Describes the common type of the standard, specification, or formal guidance.  communication | performance | measurement","Describes the type of the standard, specification, or formal guidance.","","","","","","","","","",,"example","The kind of standards used by the device.","http://hl7.org/fhir/ValueSet/device-specification-category","",,,,"Device.conformsTo.category",0,1,"","ele-1:All FHIR elements must have a @value or children {hasValue() or (children().count() > id.count())}
"
"ee-tis-device-tjt","Device.conformsTo.specification","Device.conformsTo.specification","","","",1,1,"","","","CodeableConcept {[]} {[]}
","Identifies the standard, specification, or formal guidance that the device adheres to","Code that identifies the specific standard, specification, protocol, formal guidance, regulation, legislation, or certification scheme to which the device adheres.","","","","","","","","","",,"example","The type of version indicated for the device.","http://hl7.org/fhir/ValueSet/device-specification-type","",,,,"Device.conformsTo.specification",1,1,"","ele-1:All FHIR elements must have a @value or children {hasValue() or (children().count() > id.count())}
"
"ee-tis-device-tjt","Device.conformsTo.version","Device.conformsTo.version","","","",0,1,"","","","string {[]} {[]}
","Specific form or variant of the standard","Identifies the specific form or variant of the standard, specification, or formal guidance. This may be a 'version number', release, document edition, publication year, or other label.","","","","","","","","","",,,,,"",,,,"Device.conformsTo.version",0,1,"","ele-1:All FHIR elements must have a @value or children {hasValue() or (children().count() > id.count())}
"
"ee-tis-device-tjt","Device.property","Device.property","","","",0,0,"","","","BackboneElement {[]} {[]}
","Inherent, essentially fixed, characteristics of the device.  e.g., time properties, size, material, etc.","Static or essentially fixed characteristics or features of the device (e.g., time or timing attributes, resolution, accuracy, intended use or instructions for use, and physical attributes) that are not otherwise captured in more specific attributes.","Dynamic or current properties, such as settings, of an individual device are described using a Device instance-specific [DeviceMetric] and recorded using [Observation].  Static characteristics of a device could also be documented in an associated [DeviceDefinition] instance. The Device instance's properties, and their values, could be, but need not be, the same as those described in an associated DeviceDefinition.","","","","","","","","",,,,,"",,,,"Device.property",0,*,"","ele-1:All FHIR elements must have a @value or children {hasValue() or (children().count() > id.count())}
"
"ee-tis-device-tjt","Device.property.id","Device.property.id","","","",0,1,"","","","string {[]} {[]}
","Unique id for inter-element referencing","Unique id for the element within a resource (for internal references). This may be any string value that does not contain spaces.","","","","","","","","","",,,,,"",,,,"Element.id",0,1,"ele-1
",""
"ee-tis-device-tjt","Device.property.extension","Device.property.extension","","extensions
user content","",0,*,"","","","Extension {[]} {[]}
","Additional content defined by implementations","May be used to represent additional information that is not part of the basic definition of the element. To make the use of extensions safe and managable, there is a strict set of governance applied to the definition and use of extensions. Though any implementer can define an extension, there is a set of requirements that SHALL be met as part of the definition of the extension.","There can be no stigma associated with the use of extensions by any application, project, or standard - regardless of the institution or jurisdiction that uses or defines the extensions.  The use of extensions is what allows the FHIR specification to retain a core level of simplicity for everyone.","","","","","","","","",,,,,"",,,,"Element.extension",0,*,"","ele-1:All FHIR elements must have a @value or children {hasValue() or (children().count() > id.count())}
ext-1:Must have either extensions or value[x], not both {extension.exists() != value.exists()}"
"ee-tis-device-tjt","Device.property.modifierExtension","Device.property.modifierExtension","","extensions
user contentmodifiers","",0,*,"","Y","Y","Extension {[]} {[]}
","Extensions that cannot be ignored even if unrecognized","May be used to represent additional information that is not part of the basic definition of the element and that modifies the understanding of the element in which it is contained and/or the understanding of the containing element's descendants. Usually modifier elements provide negation or qualification. To make the use of extensions safe and managable, there is a strict set of governance applied to the definition and use of extensions. Though any implementer can define an extension, there is a set of requirements that SHALL be met as part of the definition of the extension. Applications processing a resource are required to check for modifier extensions.

Modifier extensions SHALL NOT change the meaning of any elements on Resource or DomainResource (including cannot change the meaning of modifierExtension itself).","There can be no stigma associated with the use of extensions by any application, project, or standard - regardless of the institution or jurisdiction that uses or defines the extensions.  The use of extensions is what allows the FHIR specification to retain a core level of simplicity for everyone.","Modifier extensions allow for extensions that *cannot* be safely ignored to be clearly distinguished from the vast majority of extensions which can be safely ignored.  This promotes interoperability by eliminating the need for implementers to prohibit the presence of extensions. For further information, see the [definition of modifier extensions](http://hl7.org/fhir/R5/extensibility.html#modifierExtension).","","","","","","","",,,,,"",,,,"BackboneElement.modifierExtension",0,*,"","ele-1:All FHIR elements must have a @value or children {hasValue() or (children().count() > id.count())}
ext-1:Must have either extensions or value[x], not both {extension.exists() != value.exists()}"
"ee-tis-device-tjt","Device.property.type","Device.property.type","","","",1,1,"","","","CodeableConcept {[]} {[]}
","Code that specifies the property being represented","Code that specifies the property, such as resolution, color, size, being represented.","","","","","","","","","",,"example","Device property type.","http://hl7.org/fhir/ValueSet/device-property-type","",,,,"Device.property.type",1,1,"","ele-1:All FHIR elements must have a @value or children {hasValue() or (children().count() > id.count())}
"
"ee-tis-device-tjt","Device.property.value[x]","Device.property.value[x]","","","",1,1,"","","","Quantity {[]} {[]}
CodeableConcept {[]} {[]}string {[]} {[]}boolean {[]} {[]}integer {[]} {[]}Range {[]} {[]}Attachment {[]} {[]}","Value of the property","The value of the property specified by the associated property.type code.","The text element in CodeableConcept.text is used for properties which would usually be coded (such as the size of an implant, or a security classification) but for which there is not currently an appropriate concept in the vocabulary (e.g. a custom implant size, or a security classification which depends on configuration). Otherwise the string choice type is used for descriptive properties, or instructions.","","","","","","","","",,,,,"",,,,"Device.property.value[x]",1,1,"","ele-1:All FHIR elements must have a @value or children {hasValue() or (children().count() > id.count())}
"
"ee-tis-device-tjt","Device.mode","Device.mode","","","",0,0,"","","","CodeableConcept {[]} {[]}
","The designated condition for performing a task","The designated condition for performing a task with the device.","","","","","","","","","",,"example","Operational mode of a device.","http://hl7.org/fhir/ValueSet/device-operation-mode","",,,,"Device.mode",0,1,"","ele-1:All FHIR elements must have a @value or children {hasValue() or (children().count() > id.count())}
"
"ee-tis-device-tjt","Device.cycle","Device.cycle","","","",0,0,"","","","Count {[]} {[]}
","The series of occurrences that repeats during the operation of the device","The series of occurrences that repeats during the operation of the device.","","","","","","","","","",,,,,"",,,,"Device.cycle",0,1,"","ele-1:All FHIR elements must have a @value or children {hasValue() or (children().count() > id.count())}
"
"ee-tis-device-tjt","Device.duration","Device.duration","","","",0,0,"","","","Duration {[]} {[]}
","A measurement of time during the device's operation (e.g., days, hours, mins, etc.)","A measurement of time during the device's operation (e.g., days, hours, mins, etc.).","","","","","","","","","",,,,,"",,,,"Device.duration",0,1,"","ele-1:All FHIR elements must have a @value or children {hasValue() or (children().count() > id.count())}
"
"ee-tis-device-tjt","Device.owner","Device.owner","","","",0,1,"","","","Reference {[]} {[CanonicalType[http://hl7.org/fhir/StructureDefinition/Organization]]}
","Organization responsible for device","An organization that is responsible for the provision and ongoing maintenance of the device.","","","","","","","","","",,,,,"",,,,"Device.owner",0,1,"","ele-1:All FHIR elements must have a @value or children {hasValue() or (children().count() > id.count())}
"
"ee-tis-device-tjt","Device.contact","Device.contact","","","",0,*,"","","","ContactPoint {[]} {[]}
","Details for human/organization for support","Contact details for an organization or a particular human that is responsible for the device.","used for troubleshooting etc.","","","","","","","","",,,,,"",,,,"Device.contact",0,*,"","ele-1:All FHIR elements must have a @value or children {hasValue() or (children().count() > id.count())}
"
"ee-tis-device-tjt","Device.location","Device.location","","","",0,0,"","","","Reference {[]} {[CanonicalType[http://hl7.org/fhir/StructureDefinition/Location]]}
","Where the device is found","The place where the device can be found.","","Device.location can be used to track device location.","","","","","","","",,,,,"",,,,"Device.location",0,1,"","ele-1:All FHIR elements must have a @value or children {hasValue() or (children().count() > id.count())}
"
"ee-tis-device-tjt","Device.url","Device.url","","","",0,1,"","","","uri {[]} {[]}
","Network address to contact device","A network address on which the device may be contacted directly.","If the device is running a FHIR server, the network address should  be the Base URL from which a conformance statement may be retrieved.","","","","","","","","",,,,,"",,,,"Device.url",0,1,"","ele-1:All FHIR elements must have a @value or children {hasValue() or (children().count() > id.count())}
"
"ee-tis-device-tjt","Device.endpoint","Device.endpoint","","","",0,*,"","","","Reference {[]} {[CanonicalType[http://hl7.org/fhir/StructureDefinition/Endpoint]]}
","Technical endpoints providing access to electronic services provided by the device","Technical endpoints providing access to services provided by the device defined at this resource.","","","","","","","","","",,,,,"",,,,"Device.endpoint",0,*,"","ele-1:All FHIR elements must have a @value or children {hasValue() or (children().count() > id.count())}
"
"ee-tis-device-tjt","Device.gateway","Device.gateway","","","",0,0,"","","","CodeableReference {[]} {[CanonicalType[http://hl7.org/fhir/StructureDefinition/Device]]}
","Linked device acting as a communication/data collector, translator or controller","The linked device acting as a communication controller, data collector, translator, or concentrator for the current device (e.g., mobile phone application that relays a blood pressure device's data).","The Device.gateway may be used when the Device being referenced has a gateway and/or to capture one or more gateways associated with the device. If the Gateway is included in the Observation resource, the Observation.gatewayDevice should be used instead.","","","","","","","","",,,,,"",,,,"Device.gateway",0,*,"","ele-1:All FHIR elements must have a @value or children {hasValue() or (children().count() > id.count())}
"
"ee-tis-device-tjt","Device.note","Device.note","","","",0,*,"","","","Annotation {[]} {[]}
","Device notes and comments","Descriptive information, usage information or implantation information that is not captured in an existing element.","","","","","","","","","",,,,,"",,,,"Device.note",0,*,"","ele-1:All FHIR elements must have a @value or children {hasValue() or (children().count() > id.count())}
"
"ee-tis-device-tjt","Device.safety","Device.safety","","","",0,0,"","","Y","CodeableConcept {[]} {[]}
","Safety Characteristics of Device","Provides additional safety characteristics about a medical device.  For example devices containing latex.","","","","","","","","","",,"example","","http://hl7.org/fhir/ValueSet/device-safety","",,,,"Device.safety",0,*,"","ele-1:All FHIR elements must have a @value or children {hasValue() or (children().count() > id.count())}
"
"ee-tis-device-tjt","Device.parent","Device.parent","","","",0,0,"","","","Reference {[]} {[CanonicalType[http://hl7.org/fhir/StructureDefinition/Device]]}
","The higher level or encompassing device that this device is a logical part of","The higher level or encompassing device that this device is a logical part of.","For example a vital signs monitor (parent) where three separate modules can be plugged into such as interchangeable blood pressure, oximeter, temperature modules.  These modules are represented as devices with the .parent valued to the vital signs monitor when plugged in.","","","","","","","","",,,,,"",,,,"Device.parent",0,1,"","ele-1:All FHIR elements must have a @value or children {hasValue() or (children().count() > id.count())}
"
