{
  "resourceType" : "ImplementationGuide",
  "id" : "ee.fhir.spd",
  "text" : {
    "status" : "generated",
    "div" : "<div xmlns=\"http://www.w3.org/1999/xhtml\"><p class=\"res-header-id\"><b>Generated Narrative: ImplementationGuide ee.fhir.spd</b></p><a name=\"ee.fhir.spd\"> </a><a name=\"hcee.fhir.spd\"> </a><a name=\"ee.fhir.spd-en-US\"> </a><h2>SPD</h2><p>The official URL for this implementation guide is: </p><pre>https://fhir.ee/spd/ImplementationGuide/ee.fhir.spd</pre></div>"
  },
  "url" : "https://fhir.ee/spd/ImplementationGuide/ee.fhir.spd",
  "version" : "0.1.0",
  "name" : "SPD",
  "title" : "Service Provider Directory",
  "status" : "draft",
  "date" : "2025-05-12T13:43:01+00:00",
  "publisher" : "TEHIK",
  "contact" : [{
    "name" : "TEHIK",
    "telecom" : [{
      "system" : "url",
      "value" : "https://tehik.ee"
    },
    {
      "system" : "email",
      "value" : "abi@tehik.ee"
    }]
  }],
  "jurisdiction" : [{
    "coding" : [{
      "system" : "urn:iso:std:iso:3166",
      "code" : "EST",
      "display" : "Estonia"
    }]
  }],
  "packageId" : "ee.fhir.spd",
  "license" : "MIT",
  "fhirVersion" : ["5.0.0"],
  "dependsOn" : [{
    "id" : "hl7tx",
    "extension" : [{
      "url" : "http://hl7.org/fhir/tools/StructureDefinition/implementationguide-dependency-comment",
      "valueMarkdown" : "Automatically added as a dependency - all IGs depend on HL7 Terminology"
    }],
    "uri" : "http://terminology.hl7.org/ImplementationGuide/hl7.terminology",
    "packageId" : "hl7.terminology.r5",
    "version" : "6.3.0"
  },
  {
    "id" : "hl7ext",
    "extension" : [{
      "url" : "http://hl7.org/fhir/tools/StructureDefinition/implementationguide-dependency-comment",
      "valueMarkdown" : "Automatically added as a dependency - all IGs depend on the HL7 Extension Pack"
    }],
    "uri" : "http://hl7.org/fhir/extensions/ImplementationGuide/hl7.fhir.uv.extensions",
    "packageId" : "hl7.fhir.uv.extensions.r5",
    "version" : "5.2.0"
  },
  {
    "id" : "ee_fhir_base",
    "uri" : "https://fhir.ee/base/ImplementationGuide/ee.fhir.base",
    "packageId" : "ee.fhir.base",
    "version" : "current"
  },
  {
    "id" : "ee_fhir_mpi",
    "uri" : "https://fhir.ee/mpi/ImplementationGuide/ee.fhir.mpi",
    "packageId" : "ee.fhir.mpi",
    "version" : "1.2.2"
  }],
  "definition" : {
    "extension" : [{
      "url" : "http://hl7.org/fhir/tools/StructureDefinition/ig-internal-dependency",
      "valueCode" : "hl7.fhir.uv.tools.r5#0.5.0"
    }],
    "resource" : [{
      "extension" : [{
        "url" : "http://hl7.org/fhir/tools/StructureDefinition/resource-information",
        "valueString" : "StructureDefinition:resource"
      }],
      "reference" : {
        "reference" : "StructureDefinition/ee-spd-practitioner"
      },
      "name" : "EESPDPractitioner",
      "description" : "TEST",
      "isExample" : false
    },
    {
      "extension" : [{
        "url" : "http://hl7.org/fhir/tools/StructureDefinition/resource-information",
        "valueString" : "StructureDefinition:resource"
      }],
      "reference" : {
        "reference" : "StructureDefinition/ee-tis-device-tjt"
      },
      "name" : "EETISDeviceTJT",
      "description" : "TEST",
      "isExample" : false
    }],
    "page" : {
      "sourceUrl" : "toc.html",
      "name" : "toc.html",
      "title" : "Table of Contents",
      "generation" : "html",
      "page" : [{
        "sourceUrl" : "index.html",
        "name" : "index.html",
        "title" : "Home",
        "generation" : "markdown"
      },
      {
        "sourceUrl" : "download.html",
        "name" : "download.html",
        "title" : "Downloads",
        "generation" : "markdown"
      }]
    },
    "parameter" : [{
      "code" : {
        "system" : "http://hl7.org/fhir/tools/CodeSystem/ig-parameters",
        "code" : "copyrightyear"
      },
      "value" : "2025+"
    },
    {
      "code" : {
        "system" : "http://hl7.org/fhir/tools/CodeSystem/ig-parameters",
        "code" : "releaselabel"
      },
      "value" : "trial-use"
    },
    {
      "code" : {
        "system" : "http://hl7.org/fhir/tools/CodeSystem/ig-parameters",
        "code" : "autoload-resources"
      },
      "value" : "true"
    },
    {
      "code" : {
        "system" : "http://hl7.org/fhir/guide-parameter-code",
        "code" : "path-resource"
      },
      "value" : "input/capabilities"
    },
    {
      "code" : {
        "system" : "http://hl7.org/fhir/guide-parameter-code",
        "code" : "path-resource"
      },
      "value" : "input/examples"
    },
    {
      "code" : {
        "system" : "http://hl7.org/fhir/guide-parameter-code",
        "code" : "path-resource"
      },
      "value" : "input/extensions"
    },
    {
      "code" : {
        "system" : "http://hl7.org/fhir/guide-parameter-code",
        "code" : "path-resource"
      },
      "value" : "input/models"
    },
    {
      "code" : {
        "system" : "http://hl7.org/fhir/guide-parameter-code",
        "code" : "path-resource"
      },
      "value" : "input/operations"
    },
    {
      "code" : {
        "system" : "http://hl7.org/fhir/guide-parameter-code",
        "code" : "path-resource"
      },
      "value" : "input/profiles"
    },
    {
      "code" : {
        "system" : "http://hl7.org/fhir/guide-parameter-code",
        "code" : "path-resource"
      },
      "value" : "input/resources"
    },
    {
      "code" : {
        "system" : "http://hl7.org/fhir/guide-parameter-code",
        "code" : "path-resource"
      },
      "value" : "input/vocabulary"
    },
    {
      "code" : {
        "system" : "http://hl7.org/fhir/guide-parameter-code",
        "code" : "path-resource"
      },
      "value" : "input/maps"
    },
    {
      "code" : {
        "system" : "http://hl7.org/fhir/guide-parameter-code",
        "code" : "path-resource"
      },
      "value" : "input/testing"
    },
    {
      "code" : {
        "system" : "http://hl7.org/fhir/guide-parameter-code",
        "code" : "path-resource"
      },
      "value" : "input/history"
    },
    {
      "code" : {
        "system" : "http://hl7.org/fhir/guide-parameter-code",
        "code" : "path-resource"
      },
      "value" : "fsh-generated/resources"
    },
    {
      "code" : {
        "system" : "http://hl7.org/fhir/guide-parameter-code",
        "code" : "path-pages"
      },
      "value" : "template/config"
    },
    {
      "code" : {
        "system" : "http://hl7.org/fhir/guide-parameter-code",
        "code" : "path-pages"
      },
      "value" : "input/images"
    },
    {
      "code" : {
        "system" : "http://hl7.org/fhir/tools/CodeSystem/ig-parameters",
        "code" : "path-liquid"
      },
      "value" : "template/liquid"
    },
    {
      "code" : {
        "system" : "http://hl7.org/fhir/tools/CodeSystem/ig-parameters",
        "code" : "path-liquid"
      },
      "value" : "input/liquid"
    },
    {
      "code" : {
        "system" : "http://hl7.org/fhir/tools/CodeSystem/ig-parameters",
        "code" : "path-qa"
      },
      "value" : "temp/qa"
    },
    {
      "code" : {
        "system" : "http://hl7.org/fhir/tools/CodeSystem/ig-parameters",
        "code" : "path-temp"
      },
      "value" : "temp/pages"
    },
    {
      "code" : {
        "system" : "http://hl7.org/fhir/tools/CodeSystem/ig-parameters",
        "code" : "path-output"
      },
      "value" : "output"
    },
    {
      "code" : {
        "system" : "http://hl7.org/fhir/guide-parameter-code",
        "code" : "path-tx-cache"
      },
      "value" : "input-cache/txcache"
    },
    {
      "code" : {
        "system" : "http://hl7.org/fhir/tools/CodeSystem/ig-parameters",
        "code" : "path-suppressed-warnings"
      },
      "value" : "input/ignoreWarnings.txt"
    },
    {
      "code" : {
        "system" : "http://hl7.org/fhir/tools/CodeSystem/ig-parameters",
        "code" : "path-history"
      },
      "value" : "https://fhir.ee/spd/history.html"
    },
    {
      "code" : {
        "system" : "http://hl7.org/fhir/tools/CodeSystem/ig-parameters",
        "code" : "template-html"
      },
      "value" : "template-page.html"
    },
    {
      "code" : {
        "system" : "http://hl7.org/fhir/tools/CodeSystem/ig-parameters",
        "code" : "template-md"
      },
      "value" : "template-page-md.html"
    },
    {
      "code" : {
        "system" : "http://hl7.org/fhir/tools/CodeSystem/ig-parameters",
        "code" : "apply-contact"
      },
      "value" : "true"
    },
    {
      "code" : {
        "system" : "http://hl7.org/fhir/tools/CodeSystem/ig-parameters",
        "code" : "apply-context"
      },
      "value" : "true"
    },
    {
      "code" : {
        "system" : "http://hl7.org/fhir/tools/CodeSystem/ig-parameters",
        "code" : "apply-copyright"
      },
      "value" : "true"
    },
    {
      "code" : {
        "system" : "http://hl7.org/fhir/tools/CodeSystem/ig-parameters",
        "code" : "apply-jurisdiction"
      },
      "value" : "true"
    },
    {
      "code" : {
        "system" : "http://hl7.org/fhir/tools/CodeSystem/ig-parameters",
        "code" : "apply-license"
      },
      "value" : "true"
    },
    {
      "code" : {
        "system" : "http://hl7.org/fhir/tools/CodeSystem/ig-parameters",
        "code" : "apply-publisher"
      },
      "value" : "true"
    },
    {
      "code" : {
        "system" : "http://hl7.org/fhir/tools/CodeSystem/ig-parameters",
        "code" : "apply-version"
      },
      "value" : "true"
    },
    {
      "code" : {
        "system" : "http://hl7.org/fhir/tools/CodeSystem/ig-parameters",
        "code" : "apply-wg"
      },
      "value" : "true"
    },
    {
      "code" : {
        "system" : "http://hl7.org/fhir/tools/CodeSystem/ig-parameters",
        "code" : "active-tables"
      },
      "value" : "true"
    },
    {
      "code" : {
        "system" : "http://hl7.org/fhir/tools/CodeSystem/ig-parameters",
        "code" : "fmm-definition"
      },
      "value" : "http://hl7.org/fhir/versions.html#maturity"
    },
    {
      "code" : {
        "system" : "http://hl7.org/fhir/tools/CodeSystem/ig-parameters",
        "code" : "propagate-status"
      },
      "value" : "true"
    },
    {
      "code" : {
        "system" : "http://hl7.org/fhir/tools/CodeSystem/ig-parameters",
        "code" : "excludelogbinaryformat"
      },
      "value" : "true"
    },
    {
      "code" : {
        "system" : "http://hl7.org/fhir/tools/CodeSystem/ig-parameters",
        "code" : "tabbed-snapshots"
      },
      "value" : "true"
    }]
  }
}